{
    "accuracy": 0.9880667714240168,
    "precision": 0.12227805695142378,
    "recall": 0.12227805695142378,
    "f1": 0.12227805695142378,
    "conf_matr": {
        "TP": 73,
        "FP": 524,
        "TN": 86701,
        "FN": 524
    },
    "threshold": 0.79380664229393,
    "data_hashes": {
        "request_db": "21ed2b0318098148245d921f128ba089",
        "ad_db": "af5b39e31a01df78e8afaaf90924ab52",
        "markup": "4dcd705300a1d66be02fecf68d89fd25"
    }
}