{
    "accuracy": 0.9909362118831272,
    "precision": 0.34069400630914826,
    "recall": 0.36363636363636365,
    "f1": 0.3517915309446254,
    "conf_matr": {
        "TP": 216,
        "FP": 418,
        "TN": 86810,
        "FN": 378
    },
    "threshold": 0.8078542351722717,
    "data_hashes": {
        "request_db": "21ed2b0318098148245d921f128ba089",
        "ad_db": "af5b39e31a01df78e8afaaf90924ab52",
        "markup": "4dcd705300a1d66be02fecf68d89fd25"
    }
}