{
    "accuracy": 0.9901505317574184,
    "precision": 0.09212730318257957,
    "recall": 0.1455026455026455,
    "f1": 0.11282051282051282,
    "conf_matr": {
        "TP": 55,
        "FP": 542,
        "TN": 86902,
        "FN": 323
    },
    "threshold": 0.79380664229393,
    "data_hashes": {
        "request_db": "21ed2b0318098148245d921f128ba089",
        "ad_db": "af5b39e31a01df78e8afaaf90924ab52",
        "markup": "93c2665a941cf6f7f3ca6f3dd624da54"
    }
}