{
    "accuracy": 0.9913802919541801,
    "precision": 0.38170347003154576,
    "recall": 0.3986820428336079,
    "f1": 0.39000805801772764,
    "conf_matr": {
        "TP": 242,
        "FP": 392,
        "TN": 86823,
        "FN": 365
    },
    "threshold": 0.8078542351722717,
    "data_hashes": {
        "request_db": "21ed2b0318098148245d921f128ba089",
        "ad_db": "af5b39e31a01df78e8afaaf90924ab52",
        "markup": "66068e81a0581055e84a1d9d64a79731"
    }
}