{
    "accuracy": 0.970018901869691,
    "precision": 0.04627766599597585,
    "recall": 0.30423280423280424,
    "f1": 0.08033531260915122,
    "conf_matr": {
        "TP": 115,
        "FP": 2370,
        "TN": 85074,
        "FN": 263
    },
    "data_hashes": {
        "request_db": "21ed2b0318098148245d921f128ba089",
        "ad_db": "af5b39e31a01df78e8afaaf90924ab52",
        "markup": "93c2665a941cf6f7f3ca6f3dd624da54"
    }
}