{
    "accuracy": 0.9934982122930472,
    "precision": 0.5951219512195122,
    "recall": 0.2,
    "f1": 0.29938650306748466,
    "conf_matr": {
        "TP": 122,
        "FP": 83,
        "TN": 87129,
        "FN": 488
    },
    "threshold": 1,
    "data_hashes": {
        "request_db": "21ed2b0318098148245d921f128ba089",
        "ad_db": "af5b39e31a01df78e8afaaf90924ab52",
        "markup": "66068e81a0581055e84a1d9d64a79731"
    }
}